algorithm,forks,cores,time,stdev
bounding,1,1,24.9134553273519,0.209726818417081
locking,1,1,9.08470098177592,0.086787775287852
locking,2,1,9.407111008962,0.07135408506524
locking,4,1,9.50544230143229,0.0840520089772968
locking,8,1,10.1579833825429,0.36019626031917
stm,1,1,9.22828602790833,0.0543889792820234
stm,2,1,9.3475026289622,0.0934840105658426
stm,4,1,9.50712196032206,0.0469462999169716
stm,8,1,10.3588706652323,0.548751345978059
